3.05,12,38,Jacqueline Ford,Re-contextualized encompassing projection,https://robohash.org/doloresetautem.png?size=50x50&set=set1,air
8.76,17,10,Lisa Hicks,Ergonomic interactive open architecture,https://robohash.org/officiisquiavoluptatum.png?size=50x50&set=set1,air
9.07,14,39,Kenneth Ross,Extended content-based conglomeration,https://robohash.org/voluptasquoiusto.png?size=50x50&set=set1,air
6.24,13,25,Earl Phillips,Multi-layered tertiary website,https://robohash.org/oditsednulla.png?size=50x50&set=set1,air
9.34,7,79,Frances Taylor,Versatile client-driven time-frame,https://robohash.org/doloresdoloremeos.png?size=50x50&set=set1,air
7.51,25,51,Martha Fox,Open-source real-time conglomeration,https://robohash.org/etvoluptatemlaborum.png?size=50x50&set=set1,air
5.07,10,90,Michael Hicks,Configurable leading edge workforce,https://robohash.org/eosvoluptasomnis.png?size=50x50&set=set1,air
2.11,17,49,Joshua Brown,Ameliorated bottom-line matrix,https://robohash.org/asperioressitet.png?size=50x50&set=set1,air
8.63,11,18,Ronald Chavez,Quality-focused intermediate flexibility,https://robohash.org/utliberoet.png?size=50x50&set=set1,air
2.89,20,59,Nicholas Warren,Secured bandwidth-monitored core,https://robohash.org/quiaevenietdolor.png?size=50x50&set=set1,air
8.48,9,31,Marie Snyder,Object-based client-driven success,https://robohash.org/perferendisveritatisquo.png?size=50x50&set=set1,air
2.33,24,75,Steven Long,Persistent stable portal,https://robohash.org/temporibusminusomnis.png?size=50x50&set=set1,air
