5.3,1,81,Rosemary,Gumbo beet greens corn soko endive gumbo gourd. Parsley shallot courgette tatsoi pea sprouts fava bean collard greens dandelion okra wakame tomato. Dandelion cucumber earthnut pea peanut soko zucchini,https://c1.staticflickr.com/3/2314/2213247365_1a58b0ea47_z.jpg?zz=1,herbs
3.23,10,54,Sage,Nori grape silver beet broccoli kombu beet greens fava bean potato quandong celery. Bunya nuts black-eyed pea prairie turnip leek lentil turnip greens parsnip. Sea lettuce lettuce water chestnut eggplant winter purslane fennel azuki bean earthnut pea sierra leone bologi leek soko chicory celtuce parsley jacama salsify.,https://cdn.pixabay.com/photo/2016/07/27/09/30/sage-1544883_1280.jpg,herbs
4.44,15,96,Mint,Celery quandong swiss chard chicory earthnut pea potato. Salsify taro catsear garlic gram celery bitterleaf wattle seed collard greens nori. Grape wattle seed kombu beetroot horseradish carrot squash brussels sprout charda,https://cdn.pixabay.com/photo/2015/05/26/19/26/lemon-balm-785195_1280.jpg,herbs
8.8,4,45,Thyme,Pea horseradish azuki bean lettuce avocado asparagus okra. Kohlrabi radish okra azuki bean corn fava bean mustard tigernut jAcama green bean celtuce collard greens avocado quandong fennel gumbo black-eyed pea. Grape silver beet watercress potato tigernut corn groundnut. Chickweed okra pea winter purslane coriander yarrow sweet pepper radish garlic brussels sprout groundnut summer purslane earthnut pea tomato spring onion azuki bean gourd. Gumbo kakadu plum komatsuna black-eyed pea green bean zucchini gourd winter purslane silver beet rock melon radish asparagus spinach,https://c1.staticflickr.com/9/8305/7788318796_65c1267b72_b.jpg,herbs
6.44,25,80,Dill,Beetroot water spinach okra water chestnut ricebean pea catsear courgette summer purslane. Water spinach arugula pea tatsoi aubergine spring onion bush tomato kale radicchio turnip chicory salsify pea sprouts fava bean. Dandelion zucchini burdock yarrow chickpea dandelion sorrel courgette turnip greens tigernut soybean radish artichoke wattle seed endive groundnut broccoli arugula,https://upload.wikimedia.org/wikipedia/commons/4/42/Anethum_graveolens_HC1.jpg,herbs
6.18,3,37,Chives,Soko radicchio bunya nuts gram dulse silver beet parsnip napa cabbage lotus root sea lettuce brussels sprout cabbage. Catsear cauliflower garbanzo yarrow salsify chicory garlic bell pepper napa cabbage lettuce tomato kale arugula melon sierra leone bologi rutabaga tigernut. Sea lettuce gumbo grape kale kombu cauliflower salsify kohlrabi okra sea lettuce broccoli celery lotus root carrot winter purslane turnip greens garlic. JÃ­cama garlic courgette coriander radicchio plantain scallion cauliflower fava bean desert raisin spring onion chicory bunya nuts. Sea lettuce water spinach gram fava bean leek dandelion silver beet eggplant bush tomato,http://maxpixel.freegreatpicture.com/static/photo/640/Pink-Allium-Schoenoprasum-Blossom-Chives-Bloom-1407364.jpg,herbs
5.85,10,85,Lavender,Veggies es bonus vobis proinde vos postulo essum magis kohlrabi welsh onion daikon amaranth tatsoi tomatillo melon azuki bean garlic,https://cdn.pixabay.com/photo/2010/12/13/09/51/lavender-1727_1280.jpg,herbs
3.26,14,97,Oregano,Turnip greens yarrow ricebean rutabaga endive cauliflower sea lettuce kohlrabi amaranth water spinach avocado daikon napa cabbage asparagus winter purslane kale. Celery potato scallion desert raisin horseradish spinach carrot soko. Lotus root water spinach fennel kombu maize bamboo shoot green bean swiss chard seakale pumpkin onion chickpea gram corn pea. Brussels sprout coriander water chestnut gourd swiss chard wakame kohlrabi beetroot carrot watercress. Corn amaranth salsify bunya nuts nori azuki bean chickweed potato bell pepper artichoke,https://upload.wikimedia.org/wikipedia/commons/thumb/c/ce/Cuban_Oregano.jpg/1024px-Cuban_Oregano.jpg,herbs
2.23,20,89,Parsley,Nori grape silver beet broccoli kombu beet greens fava bean potato quandong celery. Bunya nuts black-eyed pea prairie turnip leek lentil turnip greens parsnip. Sea lettuce lettuce water chestnut eggplant winter purslane fennel azuki bean earthnut pea sierra leone bologi leek soko chicory celtuce parsley jacama salsify.,https://static.pexels.com/photos/82367/parsley-herbs-kitchen-82367.jpeg,herbs
5.94,22,5,Bay Laurel,Veggies es bonus vobis proinde vos postulo essum magis kohlrabi welsh onion daikon amaranth tatsoi tomatillo melon azuki bean garlic. parallelism,https://upload.wikimedia.org/wikipedia/commons/thumb/f/f8/Lemon_Grass_1.jpg/576px-Lemon_Grass_1.jpg,herbs
8.23,19,7,Basil,Nori grape silver beet broccoli kombu beet greens fava bean potato quandong celery. Bunya nuts black-eyed pea prairie turnip leek lentil turnip greens parsnip. Sea lettuce lettuce water chestnut eggplant winter purslane fennel azuki bean earthnut pea sierra leone bologi leek soko chicory celtuce parsley ja­cama salsify,https://cdn.pixabay.com/photo/2016/03/27/20/57/healthy-1284252_1280.jpg,herbs
