username,email
dcoleman0,wrogers0@reverbnation.com
cmurphy1,cnelson1@washingtonpost.com
emurray2,iperkins2@google.it
mhoward3,cwatkins3@omniture.com
lrobertson4,nbutler4@mediafire.com
dford5,jcrawford5@uol.com.br
aburton6,kdavis6@comsenz.com
gpatterson7,kgarrett7@paginegialle.it
swarren8,ncarpenter8@goo.ne.jp
jschmidt9,cwatkins9@intel.com
ahansona,dpricea@wix.com
tharrisb,ctuckerb@google.com.au
pchapmanc,srayc@virginia.edu
bharrisond,hhughesd@bluehost.com
rkelleye,gcruze@linkedin.com
stuckerf,lporterf@nsw.gov.au
mwilsong,dharveyg@wix.com
jrogersh,pgranth@yandex.ru
kgreenei,hreynoldsi@jimdo.com
sboydj,mchapmanj@ocn.ne.jp
rlanek,pscottk@uiuc.edu
gmatthewsl,hpowelll@paginegialle.it
kfernandezm,jfloresm@mac.com
jsimsn,tcrawfordn@bbc.co.uk
jmillso,lmatthewso@dagondesign.com
